"","x"
"1","Y1"
"2","WT1B1"
"3","WT1B2"
"4","WT1B3"
"5","WT1B4"
"6","WT1B5"
"7","WT1B6"
"8","WT1B7"
"9","WT1B8"
"10","WT1B9"
"11","WT1B10"
"12","WT1B11"
"13","WT1B12"
"14","WT1B13"
"15","WT1B14"
"16","WT1B15"
"17","WT1B16"
"18","WT1B17"
"19","WT1B18"
"20","WT1B19"
"21","WT1B20"
"22","WT1B21"
"23","WT1B22"
"24","WT1B23"
"25","WT1B24"
"26","WT1B25"
"27","WT1B26"
"28","WT1B27"
"29","WT1B28"
"30","WT1B29"
"31","WT1B30"
"32","WT1B31"
"33","WT1B32"
"34","WT1B33"
"35","WT1B34"
"36","WT1B35"
"37","WT1B36"
"38","WT1B37"
"39","WT1B38"
"40","WT1B39"
"41","WT1B40"
"42","WT1B41"
"43","WT1B42"
"44","WT1B43"
"45","WT1B44"
"46","WT1B45"
"47","WT1B46"
"48","WT1B47"
"49","WT1B48"
"50","WT1B49"
"51","WT1B50"
"52","WT1B51"
"53","WT1B52"
"54","WT1B53"
"55","WT1B54"
"56","WT1B55"
"57","WT1B56"
"58","WT1B57"
"59","WT1B58"
"60","WT1B59"
"61","WT1B60"
"62","WT1B61"
"63","WT1B62"
"64","WT1B63"
"65","WT1B64"
"66","WT1B65"
"67","WT1B66"
"68","WT1B67"
"69","WT1B68"
"70","WT1B69"
"71","WT1B70"
"72","WT1B71"
"73","WT1B72"
"74","WT1B73"
"75","WT1B74"
"76","WT1B75"
"77","WT1B76"
"78","WT1B77"
"79","WT1B78"
"80","WT1B79"
"81","WT1B80"
"82","WT1B81"
"83","WT1B82"
"84","WT1B83"
"85","WT1B84"
"86","WT1B85"
"87","WT1B86"
"88","WT1B87"
"89","WT1B88"
"90","WT1B89"
"91","WT1B90"
"92","WT1B91"
"93","WT1B92"
"94","WT1B93"
"95","WT1B94"
"96","WT1B95"
"97","WT1B96"
"98","WT1B97"
"99","WT1B98"
"100","WT1B99"
"101","WT1B100"
"102","WT1B101"
"103","WT1B102"
"104","WT1B103"
"105","WT1B104"
"106","WT1B105"
"107","WT1B106"
"108","WT1B107"
"109","WT1B108"
"110","WT1B109"
"111","WT1B110"
"112","WT1B111"
"113","WT1B112"
"114","WT1B113"
"115","WT1B114"
"116","WT1B115"
"117","WT1B116"
"118","WT1B117"
"119","WT1B118"
"120","WT1B119"
"121","WT1B120"
"122","WT1B121"
"123","WT1B122"
"124","WT1B123"
"125","WT1B124"
"126","WT1B125"
"127","WT1B126"
"128","WT1B127"
"129","WT1B128"
"130","WT1B129"
"131","WT1B130"
"132","WT1B131"
"133","WT1B132"
"134","WT1B133"
"135","WT1B134"
"136","WT1B135"
"137","WT1B136"
"138","WT1B137"
"139","WT1B138"
"140","WT1B139"
"141","WT1B140"
"142","WT1B141"
"143","WT1B142"
"144","WT1B143"
"145","WT1B144"
"146","WT1B145"
"147","WT1B146"
"148","WT1B147"
"149","WT1B148"
"150","WT1B149"
"151","WT1B150"
"152","WT1B151"
"153","WT1B152"
"154","WT1B153"
"155","WT1B154"
"156","WT1B155"
"157","WT1B156"
"158","WT1B157"
"159","WT1B158"
"160","WT1B159"
"161","WT1B160"
"162","WT1B161"
"163","WT1B162"
"164","WT1B163"
"165","WT1B164"
"166","WT1B165"
"167","WT1B166"
"168","WT1B167"
"169","WT1B168"
"170","WT1B169"
"171","WT1B170"
"172","WT1B171"
"173","WT1B172"
"174","WT1B173"
"175","WT1B174"
"176","WT1B175"
"177","WT1B176"
"178","WT1B177"
"179","WT1B178"
"180","WT1B179"
"181","WT1B180"
"182","WT1B181"
"183","WT1B182"
"184","WT1B183"
"185","WT1B184"
"186","WT1B185"
"187","WT1B186"
"188","WT1B187"
"189","WT1B188"
"190","WT1B189"
"191","WT1B190"
"192","WT1B191"
"193","WT1B192"
"194","WT1B193"
"195","WT1B194"
"196","WT1B195"
"197","WT1B196"
"198","WT1B197"
"199","WT1B198"
"200","WT1B199"
"201","WT1B200"
"202","WT1B201"
"203","WT1B202"
"204","WT1B203"
"205","WT1B204"
"206","WT1B205"
"207","WT1B206"
"208","WT1B207"
"209","WT1B208"
"210","WT1B209"
"211","WT1B210"
"212","WT1B211"
"213","WT1B212"
"214","WT1B213"
"215","WT1B214"
"216","WT1B215"
"217","WT1B216"
"218","WT1B217"
"219","WT1B218"
"220","WT1B219"
"221","WT1B220"
"222","WT1B221"
"223","WT1B222"
"224","WT1B223"
"225","WT1B224"
"226","WT1B225"
"227","WT1B226"
"228","WT1B227"
"229","WT1B228"
"230","WT1B229"
"231","WT1B230"
"232","WT1B231"
"233","WT1B232"
"234","WT1B233"
"235","WT1B234"
"236","WT1B235"
"237","WT1B236"
"238","WT1B237"
"239","WT1B238"
"240","WT1B239"
"241","WT1B240"
"242","WT1B241"
"243","WT1B242"
"244","WT1B243"
"245","WT1B244"
"246","WT1B245"
"247","WT1B246"
"248","WT1B247"
"249","WT1B248"
"250","WT1B249"
"251","WT1B250"
"252","WT1B251"
"253","WT1B252"
"254","WT1B253"
"255","WT1B254"
"256","WT1B255"
"257","WT1B256"
"258","WT1B257"
"259","WT1B258"
"260","WT1B259"
"261","WT1B260"
"262","WT1B261"
"263","WT1B262"
"264","WT1B263"
"265","WT1B264"
"266","WT1B265"
"267","WT1B266"
"268","WT1B267"
"269","WT1B268"
"270","WT1B269"
"271","WT1B270"
"272","WT1B271"
"273","WT1B272"
"274","WT1B273"
"275","WT1B274"
"276","WT1B275"
"277","WT1B276"
"278","WT1B277"
"279","WT1B278"
"280","WT1B279"
"281","WT1B280"
"282","WT1B281"
"283","WT1B282"
"284","WT1B283"
"285","WT1B284"
"286","WT1B285"
"287","WT1B286"
"288","WT1B287"
"289","WT1B288"
"290","WT1B289"
"291","WT1B290"
"292","WT1B291"
"293","WT1B292"
"294","WT1B293"
"295","WT1B294"
"296","WT1B295"
"297","WT1B296"
"298","WT1B297"
"299","WT1B298"
"300","WT1B299"
"301","WT1B300"
"302","WT1B301"
"303","WT1B302"
"304","WT1B303"
"305","WT1B304"
"306","WT1B305"
"307","WT1B306"
"308","WT1B307"
"309","WT1B308"
"310","WT1B309"
"311","WT1B310"
"312","WT1B311"
"313","WT1B312"
"314","WT1B313"
"315","WT1B314"
"316","WT1B315"
"317","WT1B316"
"318","WT1B317"
"319","WT1B318"
"320","WT1B319"
"321","WT1B320"
"322","WT1B321"
"323","WT1B322"
"324","WT1B323"
"325","WT1B324"
"326","WT1B325"
"327","WT1B326"
"328","WT1B327"
"329","WT1B328"
"330","WT1B329"
"331","WT1B330"
"332","WT1B331"
"333","WT1B332"
"334","WT1B333"
"335","WT1B334"
"336","WT1B335"
"337","WT1B336"
"338","WT1B337"
"339","WT1B338"
"340","WT1B339"
"341","WT1B340"
"342","WT1B341"
"343","WT1B342"
"344","WT1B343"
"345","WT1B344"
"346","WT1B345"
"347","WT1B346"
"348","WT1B347"
"349","WT1B348"
"350","WT1B349"
"351","WT1B350"
"352","WT1B351"
"353","WT1B352"
"354","WT1B353"
"355","WT1B354"
"356","WT1B355"
"357","WT1B356"
"358","WT1B357"
"359","WT1B358"
"360","WT1B359"
"361","WT1B360"
"362","WT1B361"
"363","WT1B362"
"364","WT1B363"
"365","WT1B364"
"366","WT1B365"
"367","WT1B366"
"368","WT1B367"
"369","WT1B368"
"370","WT1B369"
"371","WT1B370"
"372","WT1B371"
"373","WT1B372"
"374","WT1B373"
"375","WT1B374"
"376","WT1B375"
"377","WT1B376"
"378","WT1B377"
"379","WT1B378"
"380","WT1B379"
"381","WT1B380"
"382","WT1B381"
"383","WT1B382"
"384","WT1B383"
"385","WT1B384"
"386","WT1B385"
"387","WT1B386"
"388","WT1B387"
"389","WT1B388"
"390","WT1B389"
"391","WT1B390"
"392","WT1B391"
"393","WT1B392"
"394","WT1B393"
"395","WT1B394"
"396","WT1B395"
"397","WT1B396"
"398","WT1B397"
"399","WT1B398"
"400","WT1B399"
"401","WT1B400"
"402","WT1B401"
"403","WT1B402"
"404","WT1B403"
"405","WT1B404"
"406","WT1B405"
"407","WT1B406"
"408","WT1B407"
"409","WT1B408"
"410","WT1B409"
"411","WT1B410"
"412","WT1B411"
"413","WT1B412"
"414","WT1B413"
"415","WT1B414"
"416","WT1B415"
"417","WT1B416"
"418","WT1B417"
"419","WT1B418"
"420","WT1B419"
"421","WT1B420"
"422","WT1B421"
"423","WT1B422"
"424","WT1B423"
"425","WT1B424"
"426","WT1B425"
"427","WT1B426"
"428","WT1B427"
"429","WT1B428"
"430","WT1B429"
"431","WT1B430"
"432","WT1B431"
"433","WT1B432"
"434","WT1B433"
"435","WT1B434"
"436","WT1B435"
"437","WT1B436"
"438","WT1B437"
"439","WT1B438"
"440","WT1B439"
"441","WT1B440"
"442","WT1B441"
"443","WT1B442"
"444","WT1B443"
"445","WT1B444"
"446","WT1B445"
"447","WT1B446"
"448","WT1B447"
"449","WT1B448"
"450","WT1B449"
"451","WT1B450"
"452","WT1B451"
"453","WT1B452"
"454","WT1B453"
"455","WT1B454"
"456","WT1B455"
"457","WT1B456"
"458","WT1B457"
"459","WT1B458"
"460","WT1B459"
"461","WT1B460"
"462","WT1B461"
"463","WT1B462"
"464","WT1B463"
"465","WT1B464"
"466","WT1B465"
"467","WT1B466"
"468","WT1B467"
"469","WT1B468"
"470","WT1B469"
"471","WT1B470"
"472","WT1B471"
"473","WT1B472"
"474","WT1B473"
"475","WT1B474"
"476","WT1B475"
"477","WT1B476"
"478","WT1B477"
"479","WT1B478"
"480","WT1B479"
"481","WT1B480"
"482","WT1B481"
"483","WT1B482"
"484","WT1B483"
"485","WT1B484"
"486","WT1B485"
"487","WT1B486"
"488","WT1B487"
"489","WT1B488"
"490","WT1B489"
"491","WT1B490"
"492","WT1B491"
"493","WT1B492"
"494","WT1B493"
"495","WT1B494"
"496","WT1B495"
"497","WT1B496"
"498","WT1B497"
"499","WT1B498"
"500","WT1B499"
"501","WT1B500"
"502","WT1B501"
"503","WT1B502"
"504","WT1B503"
"505","WT1B504"
"506","WT1B505"
"507","WT1B506"
"508","WT1B507"
"509","WT1B508"
"510","WT1B509"
"511","WT1B510"
"512","WT1B511"
"513","WT1B512"
"514","WT1B513"
"515","WT1B514"
"516","WT1B515"
"517","WT1B516"
"518","WT1B517"
"519","WT1B518"
"520","WT1B519"
"521","WT1B520"
"522","WT1B521"
"523","WT1B522"
"524","WT1B523"
"525","WT1B524"
"526","WT1B525"
"527","WT1B526"
"528","WT1B527"
"529","WT1B528"
"530","WT1B529"
"531","WT1B530"
"532","WT1B531"
"533","WT1B532"
"534","WT1B533"
"535","WT1B534"
"536","WT1B535"
"537","WT1B536"
"538","WT1B537"
"539","WT1B538"
"540","WT1B539"
"541","WT1B540"
"542","WT1B541"
"543","WT1B542"
"544","WT1B543"
"545","WT1B544"
"546","WT1B545"
"547","WT1B546"
"548","WT1B547"
"549","WT1B548"
"550","WT1B549"
"551","WT1B550"
"552","WT1B551"
"553","WT1B552"
"554","WT1B553"
"555","WT1B554"
"556","WT1B555"
"557","WT1B556"
"558","WT1B557"
"559","WT1B558"
"560","WT1B559"
"561","WT1B560"
"562","WT1B561"
"563","WT1B562"
"564","WT1B563"
"565","WT1B564"
"566","WT1B565"
"567","WT1B566"
"568","WT1B567"
"569","WT1B568"
"570","WT1B569"
"571","WT1B570"
"572","WT1B571"
"573","WT1B572"
"574","WT1B573"
"575","WT1B574"
"576","WT1B575"
"577","WT1B576"
"578","WT1B577"
"579","WT1B578"
"580","WT1B579"
"581","WT1B580"
"582","WT1B581"
"583","WT1B582"
"584","WT1B583"
"585","WT1B584"
"586","WT1B585"
"587","WT1B586"
"588","WT1B587"
"589","WT1B588"
"590","WT1B589"
"591","WT1B590"
"592","WT1B591"
"593","WT1B592"
"594","WT1B593"
"595","WT1B594"
"596","WT1B595"
"597","WT1B596"
"598","WT1B597"
"599","WT1B598"
"600","WT1B599"
"601","WT1B600"
"602","WT1B601"
"603","WT1B602"
"604","WT1B603"
"605","WT1B604"
"606","WT1B605"
"607","WT1B606"
"608","WT1B607"
"609","WT1B608"
"610","WT1B609"
"611","WT1B610"
"612","WT1B611"
"613","WT1B612"
"614","WT1B613"
"615","WT1B614"
"616","WT1B615"
"617","WT1B616"
"618","WT1B617"
"619","WT1B618"
"620","WT1B619"
"621","WT1B620"
"622","WT1B621"
"623","WT1B622"
"624","WT1B623"
"625","WT1B624"
"626","WT1B625"
"627","WT1B626"
"628","WT1B627"
"629","WT1B628"
"630","WT1B629"
"631","WT1B630"
"632","WT1B631"
"633","WT1B632"
"634","WT1B633"
"635","WT1B634"
"636","WT1B635"
"637","WT1B636"
"638","WT1B637"
"639","WT1B638"
"640","WT1B639"
"641","WT1B640"
"642","WT1B641"
"643","WT1B642"
"644","WT1B643"
"645","WT1B644"
"646","WT1B645"
"647","WT1B646"
"648","WT1B647"
"649","WT1B648"
"650","WT1B649"
"651","WT1B650"
"652","WT1B651"
"653","WT1B652"
"654","WT1B653"
"655","WT1B654"
"656","WT1B655"
"657","WT1B656"
"658","WT1B657"
"659","WT1B658"
"660","WT1B659"
"661","WT1B660"
"662","WT1B661"
"663","WT1B662"
"664","WT1B663"
"665","WT1B664"
"666","WT1B665"
"667","WT1B666"
"668","WT1B667"
"669","WT1B668"
"670","WT1B669"
"671","WT1B670"
"672","WT1B671"
"673","WT1B672"
"674","WT1B673"
"675","WT1B674"
"676","WT1B675"
"677","WT1B676"
"678","WT1B677"
"679","WT1B678"
"680","WT1B679"
"681","WT1B680"
"682","WT1B681"
"683","WT1B682"
"684","WT1B683"
"685","WT1B684"
"686","WT1B685"
"687","WT1B686"
"688","WT1B687"
"689","WT1B688"
"690","WT1B689"
"691","WT1B690"
"692","WT1B691"
"693","WT1B692"
"694","WT1B693"
"695","WT1B694"
"696","WT1B695"
"697","WT1B696"
"698","WT1B697"
"699","WT1B698"
"700","WT1B699"
"701","WT1B700"
"702","WT1B701"
"703","WT1B702"
"704","WT1B703"
"705","WT1B704"
"706","WT1B705"
"707","WT1B706"
"708","WT1B707"
"709","WT1B708"
"710","WT1B709"
"711","WT1B710"
"712","WT1B711"
"713","WT1B712"
"714","WT1B713"
"715","WT1B714"
"716","WT1B715"
"717","WT1B716"
"718","WT1B717"
"719","WT1B718"
"720","WT1B719"
"721","WT1B720"
"722","WT1B721"
"723","WT1B722"
"724","WT1B723"
"725","WT1B724"
"726","WT1B725"
"727","WT1B726"
"728","WT1B727"
"729","WT1B728"
"730","WT1B729"
"731","WT1B730"
"732","WT1B731"
"733","WT1B732"
"734","WT1B733"
"735","WT1B734"
"736","WT1B735"
"737","WT1B736"
"738","WT1B737"
"739","WT1B738"
"740","WT1B739"
"741","WT1B740"
"742","WT1B741"
"743","WT1B742"
"744","WT1B743"
"745","WT1B744"
"746","WT1B745"
"747","WT1B746"
"748","WT1B747"
"749","WT1B748"
"750","WT1B749"
"751","WT1B750"
"752","WT1B751"
"753","WT1B752"
"754","WT1B753"
"755","WT1B754"
"756","WT1B755"
"757","WT1B756"
"758","WT1B757"
"759","WT1B758"
"760","WT1B759"
"761","WT1B760"
"762","WT1B761"
"763","WT1B762"
"764","WT1B763"
"765","WT1B764"
"766","WT1B765"
"767","WT1B766"
"768","WT1B767"
"769","WT1B768"
"770","WT1B769"
"771","WT1B770"
"772","WT1B771"
"773","WT1B772"
"774","WT1B773"
"775","WT1B774"
"776","WT1B775"
"777","WT1B776"
"778","WT1B777"
"779","WT1B778"
"780","WT1B779"
"781","WT1B780"
"782","WT1B781"
"783","WT1B782"
"784","WT1B783"
"785","WT1B784"
"786","WT1B785"
"787","WT1B786"
"788","WT1B787"
"789","WT1B788"
"790","WT1B789"
"791","WT1B790"
"792","WT1B791"
"793","WT1B792"
"794","WT1B793"
"795","WT1B794"
"796","WT1B795"
"797","WT1B796"
"798","WT1B797"
"799","WT1B798"
"800","WT1B799"
"801","WT1B800"
"802","WT1B801"
"803","WT1B802"
"804","WT1B803"
"805","WT1B804"
"806","WT1B805"
"807","WT1B806"
"808","WT1B807"
"809","WT1B808"
"810","WT1B809"
"811","WT1B810"
"812","WT1B811"
"813","WT1B812"
"814","WT1B813"
"815","WT1B814"
"816","WT1B815"
"817","WT1B816"
"818","WT1B817"
"819","WT1B818"
"820","WT1B819"
"821","WT1B820"
"822","WT1B821"
"823","WT1B822"
"824","WT1B823"
"825","WT1B824"
"826","WT1B825"
"827","WT1B826"
"828","WT1B827"
"829","WT1B828"
"830","WT1B829"
"831","WT1B830"
"832","WT1B831"
"833","WT1B832"
"834","WT1B833"
"835","WT1B834"
"836","WT1B835"
"837","WT1B836"
"838","WT1B837"
"839","WT1B838"
"840","WT1B839"
"841","WT1B840"
"842","WT1B841"
"843","WT1B842"
"844","WT1B843"
"845","WT1B844"
"846","WT1B845"
"847","WT1B846"
"848","WT1B847"
"849","WT1B848"
"850","WT1B849"
"851","WT1B850"
"852","WT1B851"
"853","WT1B852"
"854","WT1B853"
"855","WT1B854"
"856","WT1B855"
"857","WT1B856"
"858","WT1B857"
"859","WT1B858"
"860","WT1B859"
"861","WT1B860"
"862","WT1B861"
"863","WT1B862"
"864","WT1B863"
"865","WT1B864"
"866","WT1B865"
"867","WT1B866"
"868","WT1B867"
"869","WT1B868"
"870","WT1B869"
"871","WT1B870"
"872","WT1B871"
"873","WT1B872"
"874","WT1B873"
"875","WT1B874"
"876","WT1B875"
"877","WT1B876"
"878","WT1B877"
"879","WT1B878"
"880","WT1B879"
"881","WT1B880"
"882","WT1B881"
"883","WT1B882"
"884","WT1B883"
"885","WT1B884"
"886","WT1B885"
"887","WT1B886"
"888","WT1B887"
"889","WT1B888"
"890","WT1B889"
"891","WT1B890"
"892","WT1B891"
"893","WT1B892"
"894","WT1B893"
"895","WT1B894"
"896","WT1B895"
"897","WT1B896"
"898","WT1B897"
"899","WT1B898"
"900","WT1B899"
"901","WT1B900"
"902","WT1B901"
"903","WT1B902"
"904","WT1B903"
"905","WT1B904"
"906","WT1B905"
"907","WT1B906"
"908","WT1B907"
"909","WT1B908"
"910","WT1B909"
"911","WT1B910"
"912","WT1B911"
"913","WT1B912"
"914","WT1B913"
"915","WT1B914"
"916","WT1B915"
"917","WT1B916"
"918","WT1B917"
"919","WT1B918"
"920","WT1B919"
"921","WT1B920"
"922","WT1B921"
"923","WT1B922"
"924","WT1B923"
"925","WT1B924"
"926","WT1B925"
"927","WT1B926"
"928","WT1B927"
"929","WT1B928"
"930","WT1B929"
"931","WT1B930"
"932","WT1B931"
"933","WT1B932"
"934","WT1B933"
"935","WT1B934"
"936","WT1B935"
"937","WT1B936"
"938","WT1B937"
"939","WT1B938"
"940","WT1B939"
"941","WT1B940"
"942","WT1B941"
"943","WT1B942"
"944","WT1B943"
"945","WT1B944"
"946","WT1B945"
"947","WT1B946"
"948","WT1B947"
"949","WT1B948"
"950","WT1B949"
"951","WT1B950"
"952","WT1B951"
"953","WT1B952"
"954","WT1B953"
"955","WT1B954"
"956","WT1B955"
"957","WT1B956"
"958","WT1B957"
"959","WT1B958"
"960","WT1B959"
"961","WT1B960"
"962","WT1B961"
"963","WT1B962"
"964","WT1B963"
"965","WT1B964"
"966","WT1B965"
"967","WT1B966"
"968","WT1B967"
"969","WT1B968"
"970","WT1B969"
"971","WT1B970"
"972","WT1B971"
"973","WT1B972"
"974","WT1B973"
"975","WT1B974"
"976","WT1B975"
"977","WT1B976"
"978","WT1B977"
"979","WT1B978"
"980","WT1B979"
"981","WT1B980"
"982","WT1B981"
"983","WT1B982"
"984","WT1B983"
"985","WT1B984"
"986","WT1B985"
"987","WT1B986"
"988","WT1B987"
"989","WT1B988"
"990","WT1B989"
"991","WT1B990"
"992","WT1B991"
"993","WT1B992"
"994","WT1B993"
"995","WT1B994"
"996","WT1B995"
"997","WT1B996"
"998","WT1B997"
"999","WT1B998"
"1000","WT1B999"
"1001","MM999"
"1002","MM998"
"1003","MM997"
"1004","MM996"
"1005","MM995"
"1006","MM994"
"1007","MM993"
"1008","MM992"
"1009","MM991"
"1010","MM990"
"1011","MM989"
"1012","MM988"
"1013","MM987"
"1014","MM986"
"1015","MM985"
"1016","MM984"
"1017","MM983"
"1018","MM982"
"1019","MM981"
"1020","MM980"
"1021","MM979"
"1022","MM978"
"1023","MM977"
"1024","MM976"
"1025","MM975"
"1026","MM974"
"1027","MM973"
"1028","MM972"
"1029","MM971"
"1030","MM970"
"1031","MM969"
"1032","MM968"
"1033","MM967"
"1034","MM966"
"1035","MM965"
"1036","MM964"
"1037","MM963"
"1038","MM962"
"1039","MM961"
"1040","MM960"
"1041","MM959"
"1042","MM958"
"1043","MM957"
"1044","MM956"
"1045","MM955"
"1046","MM954"
"1047","MM953"
"1048","MM952"
"1049","MM951"
"1050","MM950"
"1051","MM949"
"1052","MM948"
"1053","MM947"
"1054","MM946"
"1055","MM945"
"1056","MM944"
"1057","MM943"
"1058","MM942"
"1059","MM941"
"1060","MM940"
"1061","MM939"
"1062","MM938"
"1063","MM937"
"1064","MM936"
"1065","MM935"
"1066","MM934"
"1067","MM933"
"1068","MM932"
"1069","MM931"
"1070","MM930"
"1071","MM929"
"1072","MM928"
"1073","MM927"
"1074","MM926"
"1075","MM925"
"1076","MM924"
"1077","MM923"
"1078","MM922"
"1079","MM921"
"1080","MM920"
"1081","MM919"
"1082","MM918"
"1083","MM917"
"1084","MM916"
"1085","MM915"
"1086","MM914"
"1087","MM913"
"1088","MM912"
"1089","MM911"
"1090","MM910"
"1091","MM909"
"1092","MM908"
"1093","MM907"
"1094","MM906"
"1095","MM905"
"1096","MM904"
"1097","MM903"
"1098","MM902"
"1099","MM901"
"1100","MM900"
"1101","MM899"
"1102","MM898"
"1103","MM897"
"1104","MM896"
"1105","MM895"
"1106","MM894"
"1107","MM893"
"1108","MM892"
"1109","MM891"
"1110","MM890"
"1111","MM889"
"1112","MM888"
"1113","MM887"
"1114","MM886"
"1115","MM885"
"1116","MM884"
"1117","MM883"
"1118","MM882"
"1119","MM881"
"1120","MM880"
"1121","MM879"
"1122","MM878"
"1123","MM877"
"1124","MM876"
"1125","MM875"
"1126","MM874"
"1127","MM873"
"1128","MM872"
"1129","MM871"
"1130","MM870"
"1131","MM869"
"1132","MM868"
"1133","MM867"
"1134","MM866"
"1135","MM865"
"1136","MM864"
"1137","MM863"
"1138","MM862"
"1139","MM861"
"1140","MM860"
"1141","MM859"
"1142","MM858"
"1143","MM857"
"1144","MM856"
"1145","MM855"
"1146","MM854"
"1147","MM853"
"1148","MM852"
"1149","MM851"
"1150","MM850"
"1151","MM849"
"1152","MM848"
"1153","MM847"
"1154","MM846"
"1155","MM845"
"1156","MM844"
"1157","MM843"
"1158","MM842"
"1159","MM841"
"1160","MM840"
"1161","MM839"
"1162","MM838"
"1163","MM837"
"1164","MM836"
"1165","MM835"
"1166","MM834"
"1167","MM833"
"1168","MM832"
"1169","MM831"
"1170","MM830"
"1171","MM829"
"1172","MM828"
"1173","MM827"
"1174","MM826"
"1175","MM825"
"1176","MM824"
"1177","MM823"
"1178","MM822"
"1179","MM821"
"1180","MM820"
"1181","MM819"
"1182","MM818"
"1183","MM817"
"1184","MM816"
"1185","MM815"
"1186","MM814"
"1187","MM813"
"1188","MM812"
"1189","MM811"
"1190","MM810"
"1191","MM809"
"1192","MM808"
"1193","MM807"
"1194","MM806"
"1195","MM805"
"1196","MM804"
"1197","MM803"
"1198","MM802"
"1199","MM801"
"1200","MM800"
"1201","MM799"
"1202","MM798"
"1203","MM797"
"1204","MM796"
"1205","MM795"
"1206","MM794"
"1207","MM793"
"1208","MM792"
"1209","MM791"
"1210","MM790"
"1211","MM789"
"1212","MM788"
"1213","MM787"
"1214","MM786"
"1215","MM785"
"1216","MM784"
"1217","MM783"
"1218","MM782"
"1219","MM781"
"1220","MM780"
"1221","MM779"
"1222","MM778"
"1223","MM777"
"1224","MM776"
"1225","MM775"
"1226","MM774"
"1227","MM773"
"1228","MM772"
"1229","MM771"
"1230","MM770"
"1231","MM769"
"1232","MM768"
"1233","MM767"
"1234","MM766"
"1235","MM765"
"1236","MM764"
"1237","MM763"
"1238","MM762"
"1239","MM761"
"1240","MM760"
"1241","MM759"
"1242","MM758"
"1243","MM757"
"1244","MM756"
"1245","MM755"
"1246","MM754"
"1247","MM753"
"1248","MM752"
"1249","MM751"
"1250","MM750"
"1251","MM749"
"1252","MM748"
"1253","MM747"
"1254","MM746"
"1255","MM745"
"1256","MM744"
"1257","MM743"
"1258","MM742"
"1259","MM741"
"1260","MM740"
"1261","MM739"
"1262","MM738"
"1263","MM737"
"1264","MM736"
"1265","MM735"
"1266","MM734"
"1267","MM733"
"1268","MM732"
"1269","MM731"
"1270","MM730"
"1271","MM729"
"1272","MM728"
"1273","MM727"
"1274","MM726"
"1275","MM725"
"1276","MM724"
"1277","MM723"
"1278","MM722"
"1279","MM721"
"1280","MM720"
"1281","MM719"
"1282","MM718"
"1283","MM717"
"1284","MM716"
"1285","MM715"
"1286","MM714"
"1287","MM713"
"1288","MM712"
"1289","MM711"
"1290","MM710"
"1291","MM709"
"1292","MM708"
"1293","MM707"
"1294","MM706"
"1295","MM705"
"1296","MM704"
"1297","MM703"
"1298","MM702"
"1299","MM701"
"1300","MM700"
"1301","MM699"
"1302","MM698"
"1303","MM697"
"1304","MM696"
"1305","MM695"
"1306","MM694"
"1307","MM693"
"1308","MM692"
"1309","MM691"
"1310","MM690"
"1311","MM689"
"1312","MM688"
"1313","MM687"
"1314","MM686"
"1315","MM685"
"1316","MM684"
"1317","MM683"
"1318","MM682"
"1319","MM681"
"1320","MM680"
"1321","MM679"
"1322","MM678"
"1323","MM677"
"1324","MM676"
"1325","MM675"
"1326","MM674"
"1327","MM673"
"1328","MM672"
"1329","MM671"
"1330","MM670"
"1331","MM669"
"1332","MM668"
"1333","MM667"
"1334","MM666"
"1335","MM665"
"1336","MM664"
"1337","MM663"
"1338","MM662"
"1339","MM661"
"1340","MM660"
"1341","MM659"
"1342","MM658"
"1343","MM657"
"1344","MM656"
"1345","MM655"
"1346","MM654"
"1347","MM653"
"1348","MM652"
"1349","MM651"
"1350","MM650"
"1351","MM649"
"1352","MM648"
"1353","MM647"
"1354","MM646"
"1355","MM645"
"1356","MM644"
"1357","MM643"
"1358","MM642"
"1359","MM641"
"1360","MM640"
"1361","MM639"
"1362","MM638"
"1363","MM637"
"1364","MM636"
"1365","MM635"
"1366","MM634"
"1367","MM633"
"1368","MM632"
"1369","MM631"
"1370","MM630"
"1371","MM629"
"1372","MM628"
"1373","MM627"
"1374","MM626"
"1375","MM625"
"1376","MM624"
"1377","MM623"
"1378","MM622"
"1379","MM621"
"1380","MM620"
"1381","MM619"
"1382","MM618"
"1383","MM617"
"1384","MM616"
"1385","MM615"
"1386","MM614"
"1387","MM613"
"1388","MM612"
"1389","MM611"
"1390","MM610"
"1391","MM609"
"1392","MM608"
"1393","MM607"
"1394","MM606"
"1395","MM605"
"1396","MM604"
"1397","MM603"
"1398","MM602"
"1399","MM601"
"1400","MM600"
"1401","MM599"
"1402","MM598"
"1403","MM597"
"1404","MM596"
"1405","MM595"
"1406","MM594"
"1407","MM593"
"1408","MM592"
"1409","MM591"
"1410","MM590"
"1411","MM589"
"1412","MM588"
"1413","MM587"
"1414","MM586"
"1415","MM585"
"1416","MM584"
"1417","MM583"
"1418","MM582"
"1419","MM581"
"1420","MM580"
"1421","MM579"
"1422","MM578"
"1423","MM577"
"1424","MM576"
"1425","MM575"
"1426","MM574"
"1427","MM573"
"1428","MM572"
"1429","MM571"
"1430","MM570"
"1431","MM569"
"1432","MM568"
"1433","MM567"
"1434","MM566"
"1435","MM565"
"1436","MM564"
"1437","MM563"
"1438","MM562"
"1439","MM561"
"1440","MM560"
"1441","MM559"
"1442","MM558"
"1443","MM557"
"1444","MM556"
"1445","MM555"
"1446","MM554"
"1447","MM553"
"1448","MM552"
"1449","MM551"
"1450","MM550"
"1451","MM549"
"1452","MM548"
"1453","MM547"
"1454","MM546"
"1455","MM545"
"1456","MM544"
"1457","MM543"
"1458","MM542"
"1459","MM541"
"1460","MM540"
"1461","MM539"
"1462","MM538"
"1463","MM537"
"1464","MM536"
"1465","MM535"
"1466","MM534"
"1467","MM533"
"1468","MM532"
"1469","MM531"
"1470","MM530"
"1471","MM529"
"1472","MM528"
"1473","MM527"
"1474","MM526"
"1475","MM525"
"1476","MM524"
"1477","MM523"
"1478","MM522"
"1479","MM521"
"1480","MM520"
"1481","MM519"
"1482","MM518"
"1483","MM517"
"1484","MM516"
"1485","MM515"
"1486","MM514"
"1487","MM513"
"1488","MM512"
"1489","MM511"
"1490","MM510"
"1491","MM509"
"1492","MM508"
"1493","MM507"
"1494","MM506"
"1495","MM505"
"1496","MM504"
"1497","MM503"
"1498","MM502"
"1499","MM501"
"1500","MM500"
"1501","MM499"
"1502","MM498"
"1503","MM497"
"1504","MM496"
"1505","MM495"
"1506","MM494"
"1507","MM493"
"1508","MM492"
"1509","MM491"
"1510","MM490"
"1511","MM489"
"1512","MM488"
"1513","MM487"
"1514","MM486"
"1515","MM485"
"1516","MM484"
"1517","MM483"
"1518","MM482"
"1519","MM481"
"1520","MM480"
"1521","MM479"
"1522","MM478"
"1523","MM477"
"1524","MM476"
"1525","MM475"
"1526","MM474"
"1527","MM473"
"1528","MM472"
"1529","MM471"
"1530","MM470"
"1531","MM469"
"1532","MM468"
"1533","MM467"
"1534","MM466"
"1535","MM465"
"1536","MM464"
"1537","MM463"
"1538","MM462"
"1539","MM461"
"1540","MM460"
"1541","MM459"
"1542","MM458"
"1543","MM457"
"1544","MM456"
"1545","MM455"
"1546","MM454"
"1547","MM453"
"1548","MM452"
"1549","MM451"
"1550","MM450"
"1551","MM449"
"1552","MM448"
"1553","MM447"
"1554","MM446"
"1555","MM445"
"1556","MM444"
"1557","MM443"
"1558","MM442"
"1559","MM441"
"1560","MM440"
"1561","MM439"
"1562","MM438"
"1563","MM437"
"1564","MM436"
"1565","MM435"
"1566","MM434"
"1567","MM433"
"1568","MM432"
"1569","MM431"
"1570","MM430"
"1571","MM429"
"1572","MM428"
"1573","MM427"
"1574","MM426"
"1575","MM425"
"1576","MM424"
"1577","MM423"
"1578","MM422"
"1579","MM421"
"1580","MM420"
"1581","MM419"
"1582","MM418"
"1583","MM417"
"1584","MM416"
"1585","MM415"
"1586","MM414"
"1587","MM413"
"1588","MM412"
"1589","MM411"
"1590","MM410"
"1591","MM409"
"1592","MM408"
"1593","MM407"
"1594","MM406"
"1595","MM405"
"1596","MM404"
"1597","MM403"
"1598","MM402"
"1599","MM401"
"1600","MM400"
"1601","MM399"
"1602","MM398"
"1603","MM397"
"1604","MM396"
"1605","MM395"
"1606","MM394"
"1607","MM393"
"1608","MM392"
"1609","MM391"
"1610","MM390"
"1611","MM389"
"1612","MM388"
"1613","MM387"
"1614","MM386"
"1615","MM385"
"1616","MM384"
"1617","MM383"
"1618","MM382"
"1619","MM381"
"1620","MM380"
"1621","MM379"
"1622","MM378"
"1623","MM377"
"1624","MM376"
"1625","MM375"
"1626","MM374"
"1627","MM373"
"1628","MM372"
"1629","MM371"
"1630","MM370"
"1631","MM369"
"1632","MM368"
"1633","MM367"
"1634","MM366"
"1635","MM365"
"1636","MM364"
"1637","MM363"
"1638","MM362"
"1639","MM361"
"1640","MM360"
"1641","MM359"
"1642","MM358"
"1643","MM357"
"1644","MM356"
"1645","MM355"
"1646","MM354"
"1647","MM353"
"1648","MM352"
"1649","MM351"
"1650","MM350"
"1651","MM349"
"1652","MM348"
"1653","MM347"
"1654","MM346"
"1655","MM345"
"1656","MM344"
"1657","MM343"
"1658","MM342"
"1659","MM341"
"1660","MM340"
"1661","MM339"
"1662","MM338"
"1663","MM337"
"1664","MM336"
"1665","MM335"
"1666","MM334"
"1667","MM333"
"1668","MM332"
"1669","MM331"
"1670","MM330"
"1671","MM329"
"1672","MM328"
"1673","MM327"
"1674","MM326"
"1675","MM325"
"1676","MM324"
"1677","MM323"
"1678","MM322"
"1679","MM321"
"1680","MM320"
"1681","MM319"
"1682","MM318"
"1683","MM317"
"1684","MM316"
"1685","MM315"
"1686","MM314"
"1687","MM313"
"1688","MM312"
"1689","MM311"
"1690","MM310"
"1691","MM309"
"1692","MM308"
"1693","MM307"
"1694","MM306"
"1695","MM305"
"1696","MM304"
"1697","MM303"
"1698","MM302"
"1699","MM301"
"1700","MM300"
"1701","MM299"
"1702","MM298"
"1703","MM297"
"1704","MM296"
"1705","MM295"
"1706","MM294"
"1707","MM293"
"1708","MM292"
"1709","MM291"
"1710","MM290"
"1711","MM289"
"1712","MM288"
"1713","MM287"
"1714","MM286"
"1715","MM285"
"1716","MM284"
"1717","MM283"
"1718","MM282"
"1719","MM281"
"1720","MM280"
"1721","MM279"
"1722","MM278"
"1723","MM277"
"1724","MM276"
"1725","MM275"
"1726","MM274"
"1727","MM273"
"1728","MM272"
"1729","MM271"
"1730","MM270"
"1731","MM269"
"1732","MM268"
"1733","MM267"
"1734","MM266"
"1735","MM265"
"1736","MM264"
"1737","MM263"
"1738","MM262"
"1739","MM261"
"1740","MM260"
"1741","MM259"
"1742","MM258"
"1743","MM257"
"1744","MM256"
"1745","MM255"
"1746","MM254"
"1747","MM253"
"1748","MM252"
"1749","MM251"
"1750","MM250"
"1751","MM249"
"1752","MM248"
"1753","MM247"
"1754","MM246"
"1755","MM245"
"1756","MM244"
"1757","MM243"
"1758","MM242"
"1759","MM241"
"1760","MM240"
"1761","MM239"
"1762","MM238"
"1763","MM237"
"1764","MM236"
"1765","MM235"
"1766","MM234"
"1767","MM233"
"1768","MM232"
"1769","MM231"
"1770","MM230"
"1771","MM229"
"1772","MM228"
"1773","MM227"
"1774","MM226"
"1775","MM225"
"1776","MM224"
"1777","MM223"
"1778","MM222"
"1779","MM221"
"1780","MM220"
"1781","MM219"
"1782","MM218"
"1783","MM217"
"1784","MM216"
"1785","MM215"
"1786","MM214"
"1787","MM213"
"1788","MM212"
"1789","MM211"
"1790","MM210"
"1791","MM209"
"1792","MM208"
"1793","MM207"
"1794","MM206"
"1795","MM205"
"1796","MM204"
"1797","MM203"
"1798","MM202"
"1799","MM201"
"1800","MM200"
"1801","MM199"
"1802","MM198"
"1803","MM197"
"1804","MM196"
"1805","MM195"
"1806","MM194"
"1807","MM193"
"1808","MM192"
"1809","MM191"
"1810","MM190"
"1811","MM189"
"1812","MM188"
"1813","MM187"
"1814","MM186"
"1815","MM185"
"1816","MM184"
"1817","MM183"
"1818","MM182"
"1819","MM181"
"1820","MM180"
"1821","MM179"
"1822","MM178"
"1823","MM177"
"1824","MM176"
"1825","MM175"
"1826","MM174"
"1827","MM173"
"1828","MM172"
"1829","MM171"
"1830","MM170"
"1831","MM169"
"1832","MM168"
"1833","MM167"
"1834","MM166"
"1835","MM165"
"1836","MM164"
"1837","MM163"
"1838","MM162"
"1839","MM161"
"1840","MM160"
"1841","MM159"
"1842","MM158"
"1843","MM157"
"1844","MM156"
"1845","MM155"
"1846","MM154"
"1847","MM153"
"1848","MM152"
"1849","MM151"
"1850","MM150"
"1851","MM149"
"1852","MM148"
"1853","MM147"
"1854","MM146"
"1855","MM145"
"1856","MM144"
"1857","MM143"
"1858","MM142"
"1859","MM141"
"1860","MM140"
"1861","MM139"
"1862","MM138"
"1863","MM137"
"1864","MM136"
"1865","MM135"
"1866","MM134"
"1867","MM133"
"1868","MM132"
"1869","MM131"
"1870","MM130"
"1871","MM129"
"1872","MM128"
"1873","MM127"
"1874","MM126"
"1875","MM125"
"1876","MM124"
"1877","MM123"
"1878","MM122"
"1879","MM121"
"1880","MM120"
"1881","MM119"
"1882","MM118"
"1883","MM117"
"1884","MM116"
"1885","MM115"
"1886","MM114"
"1887","MM113"
"1888","MM112"
"1889","MM111"
"1890","MM110"
"1891","MM109"
"1892","MM108"
"1893","MM107"
"1894","MM106"
"1895","MM105"
"1896","MM104"
"1897","MM103"
"1898","MM102"
"1899","MM101"
"1900","MM100"
"1901","MM99"
"1902","MM98"
"1903","MM97"
"1904","MM96"
"1905","MM95"
"1906","MM94"
"1907","MM93"
"1908","MM92"
"1909","MM91"
"1910","MM90"
"1911","MM89"
"1912","MM88"
"1913","MM87"
"1914","MM86"
"1915","MM85"
"1916","MM84"
"1917","MM83"
"1918","MM82"
"1919","MM81"
"1920","MM80"
"1921","MM79"
"1922","MM78"
"1923","MM77"
"1924","MM76"
"1925","MM75"
"1926","MM74"
"1927","MM73"
"1928","MM72"
"1929","MM71"
"1930","MM70"
"1931","MM69"
"1932","MM68"
"1933","MM67"
"1934","MM66"
"1935","MM65"
"1936","MM64"
"1937","MM63"
"1938","MM62"
"1939","MM61"
"1940","MM60"
"1941","MM59"
"1942","MM58"
"1943","MM57"
"1944","MM56"
"1945","MM55"
"1946","MM54"
"1947","MM53"
"1948","MM52"
"1949","MM51"
"1950","MM50"
"1951","MM49"
"1952","MM48"
"1953","MM47"
"1954","MM46"
"1955","MM45"
"1956","MM44"
"1957","MM43"
"1958","MM42"
"1959","MM41"
"1960","MM40"
"1961","MM39"
"1962","MM38"
"1963","MM37"
"1964","MM36"
"1965","MM35"
"1966","MM34"
"1967","MM33"
"1968","MM32"
"1969","MM31"
"1970","MM30"
"1971","MM29"
"1972","MM28"
"1973","MM27"
"1974","MM26"
"1975","MM25"
"1976","MM24"
"1977","MM23"
"1978","MM22"
"1979","MM21"
"1980","MM20"
"1981","MM19"
"1982","MM18"
"1983","MM17"
"1984","MM16"
"1985","MM15"
"1986","MM14"
"1987","MM13"
"1988","MM12"
"1989","MM11"
"1990","MM10"
"1991","MM9"
"1992","MM8"
"1993","MM7"
"1994","MM6"
"1995","MM5"
"1996","MM4"
"1997","MM3"
"1998","MM2"
"1999","MM1"
"2000","YY1"
